ee6eedb77c217c,AbandonDailyChallenge
49b392e62946de9,AcceptGroupInvite
9dd9e01c2815a8b,AcceptSelectedGroupApplication
c9035e4e4dc5802,AcceptingInvite
28435788f046ab1,AccountLinkLogin
6e02e86a4595005,AccountLinkRegister
75cde04c84a5613,ActionSlotSelectWeapon
c779c8ef85fac60,AddFriendToInitialGroupInvitesList
a33bed5dafcddc7,AddKeyCatcherSubscriber
e247f7e3e5af786,AddLobbyClientExtracam
edfea330eab0731,AddTextMessageRecipient
6e7d8812705e6a0,AddThumbnail
e8e351a5cfa7564,AddToErrorString
40a76e6c6169d37,AnticheatDisconnectAndDisableDemonwareNoReconnect
23a4c82a057cc69,AnyAttachmentRestrictionStateChanged
45a8ad440eaff49,AnySignedInToLive
8daacfee8ed2051,ApplyHardwareProfileSettings
6c957c1c5eeff53,AreAllChunksInstalledByGameType
5343f51d4eb780e,AreAllItemsFree
404ab3840ca956d,AreAllItemsUnlocked
46f79f28607061b,AreAnyCharacterCustomizationItemsNew
36a8ca278f6df15,AreAnyNonOpticAttachmentsNew
401c7b9c4f53d57,AreAnyOpticsNew
628ad12a64d07f,AreAttachmentsCompatible
1a1ff9da711bb2a,AreAttachmentsCompatibleByAttachmentID
379845edc76f887,AreExtraSlotsPurchased
d4961b66b2a5462,AreGametypeSettingsDirty
2598e548104179e,AreLocalFilesReady
c7d35487c7e276d,AreStatsFetched
3bb6877fe311fbe,AttachmentRestrictionStateChangedForAnyWeapon
aa94f77ea265057,BanGroupMember
7adb96f44b12dc7,BeginEditingPresetClass
4384eb84e984c7a,BeginSendTextMessage
b9a3a2486aeea3f,BindCommand
55c112d1d899b7d,BlockGameFromKeyEvent
1b838140c123bac,BlurWorld
55c203b6c56b470,BookmarkRecentGame
9a031df6dd501c9,BuildObjectivesTable
1b3ee9a72fe5e09,CalculateSkillRange
428260db6b96fcf,CanLivestream
a1d8d9e5d79905f,CanPauseGame
d10f862e17996c3,CanRenderClip
e2f65d7004d573b,CanRestartMissions
d148f914691b1fc,CanSendGroupInvites
6b2b0774dab2a8,CanSwitchToLobby
a79d15f370f473d,CanViewContent
6773a485c7e665a,CanViewContentFromUser
675768a97961287,ChangeHistory
c3bcac70d9c1a2d,CharacterCustomizationNewItemCount
2d237f6f6c32be1,ChatClient_ChannelColorGet
9ec4bf6bb143f6d,ChatClient_ChannelColorSet
328c01d0ba692cb,ChatClient_ChannelStringGet
194f7785236686,ChatClient_EntriesCount
5e07f9be8df7afe,ChatClient_FilterChannelGet
8be3b9b86d6f2e2,ChatClient_FilterChannelSet
ee3da94933ecba9,ChatClient_GetEntries
c86f7ec15fc85da,ChatClient_InputChannelGet
9a91bec7804d796,ChatClient_InputChannelSet
e6c9c7543527dc5,ChatClient_InputStart
169ab9d2604fb34,ChatClient_IsAvailable
b6eef648057df07,ChatClient_IsChatting
e5f3f9a2009d579,ChatClient_ResetState
1c452a02ba77675,ChatClient_ShowChannelGet
4a21e9fc99f0989,ChatClient_ShowChannelSet
89659ef6509db8b,ChatClient_ShowTimestampsGet
14635efa08b1d5f,ChatClient_ShowTimestampsSet
518afcaa6e994da,CheckAccountNameForEliteAccount
178fe16ba54da3f,CheckDownloadStatusByOfferID
251f90f79ca71b1,CheckNameForEliteAccount
85fb7614ca3f97e,CheckNetConnection
1f3727f7007c506,CheckPSPlus
f4373f48ec4403b,CheckPasswordForEliteAccount
8c275d279e8fb1b,ChoosePreferredDownloadOrder
4974e06a5b8cf16,ClearBunkCollectible
4dc6ecadb3daa44,ClearError
340904ee5a8d045,ClearErrorString
84f8a8f3b9edb14,ClearInitialGroupInviteList
76defe212aa45,ClearLastGroupSearchResults
b1741bf0598f4c0,ClearObjectiveIcon
fd21c01097a31aa,ClearPaintjobLayerData
1c2c2c362c216c2,ClearSelectedGroup
28965ff8a5727ab,ClearUI3DWindow
19a771a77f5d790,ClientHasCollectible
9bb0095d862e7bd,CloseScoreboard
16c9486c6451eee,CommitProfileChanges
425cf0b26f40110,CompletedChallengeSeen
d4207789e4a69c3,ConsumableDecrement
32aef0e4232873e,ConsumableGet
1c26bd56bee524b,ConsumableIncrement
608ab0de029ff22,ConsumableSet
e4b12d7bdd63abc,CopyFromClassSet
58d823014ee1315,CopyFromClassSetToClassSet
94d492b4c40949d,CopyToClassSet
330dee751ffa144,CreateGroup
a798e4552f5e872,CreateModel
b07e933c9e5ceb1,CurrentGameTime
ebdc87c52aea307,CurrentRunningTaskCount
3eac408f958ff05,CurrentSessionMode
f30cf0f92078d9b,CurrentTime
2b3d98dc8f66dee,DefaultID64Value
c046ca370d75d4,DeleteGroupLeaderboard
50ef905cdf9fed8,DeleteTextMessage
5cc1abb26a4d6a0,DemoteGroupAdminToRegularMember
587e82c43cb3f71,DestroyScreenshot
bdb28d716bb4321,DevOnlyClearProbation
248de419a8fa473,DisableSceneFilter
71b973f9bd8685d,DisplayChatRestrictionForUser
ca1e0da0a7b2ad8,DisplayContentRestrictionForUser
c58a63f57534b83,DisplayNpAvailabilityErrors
4d6e7fcdeee1ceb,DisplayNpError
53581d3a02ee9ff,DisplayUpsellAndContentWarnings
e90cc5e3bbcdf54,DoesKillstreakRewardExist
d61bd0c5b2d82d1,DoesPlayerHaveInventoryWeapon
b845163f317282f,DoesPlayerHaveKillstreakAmmo
f4d61216b102d24,DoesPollExist
8b172f9b6a5a11e,DownloadGameSettings
a9691b04b77d9ed,DownloadScreenshot
c670f58aad6fb11,Durango_CheckPrimaryStolenPopupAfterLoading
3a6780cf4e0ec0b,Durango_ContinueAs
c28ead1f7d00ad7,Durango_TryToSetXUIDToGPad
177bdb860421408,DvarBool
1af316bb20982a2,DvarFloat
c60eb8542a3b2d9,DvarInt
be897861d956de1,DvarString
f9137b96b284306,ECACImport_PlayerDecision
127985b5bfd2ecf,ECACImport_ShouldShow
42ff4668da34771,ECACImport_ValidateDecision
ca5e8cd5979a333,ELaunchAppExec
c4a531682d1a6,ELaunchAppSearch
f52dd03d81257b7,ELaunchAppStore
86e14af1335f833,ERegPopup_ShouldShow
f8baa101dc40234,ERegPopup_SubmitRegistration
c5a30b1f28cb3f3,EReg_PlayerRefusedOrError
28b961851fe2b39,EWelcomePopup_ShouldShow
8c2204c04facc65,EmblemBackgroundIsLocked
c1ef938e568714,EmblemFilterCount
8c223aa63a664d,EmblemFilterIconID
54494f4c2361ff0,EmblemIconIsLocked
c594d9b32c1c725,EnablePresenceCacheAutoupdate
2beebba576fa93f,EnableQuickJoinCacheAutoupdate
dab23547b6daa8,EnableSceneFilter
be423a27465624e,EndSendTextMessage
eb27d6475b399a0,EntitlementExists
9f152d616d0b8f9,EquipBubbleGumPack
8e51faaf60b3113,EquipCustomClassToSession
b7442bc7dab0fc7,EquipCybercore
de5d6cfe3b945dd,EventProcessed
7c75e608ea39b5c,Exec
c7a92d4b51e7c65,ExecAutoEventRuleSet
b81a5136c5503e4,ExecNow
30b22c02a449ce3,FacebookPost
4bdbfda43f77795,FavoriteFileInGroupsShowcase
c96835cf0406965,FeatureFileInGroupsShowcase
7b23ed9d4c7385c,FeaturedCardMarkRead
fb2aba3b86a9d35,FetchGroupInviteProfiles
85401267368cd98,FetchGroupInvites
e93a1233fa8b67a,FetchGroupJoinApprovalTypeByGroupId
1077c0c4f84cf6b,FetchGroups
6a9e97ae11f06ca,FetchOutgoingGroupInvites
18b049c2275a305,FetchSelectedGroupAdmins
8b43722e1e14252,FetchSelectedGroupJoinApprovalType
caffcce4dfeddd9,FetchStoreProductsByCategory
15e353902328c4f,FetchingGroupPublicProfiles
185d0e9ed2c3187,FileShareCopy
4aa190fe71da9a5,FileShareDelete
e3d65dd14f0c08a,FileshareDownload
801215796c1496,FileshareDownloadSummary
d1d5a2b6e6bc44c,FileshareFetchCommunityContent
9a4f484773b0d62,FileshareFetchForUser
d6b365807f3d256,FileshareFetchGroupContent
2f2078bb6d9da7,FileshareGetCommunitySlotData
1c86c89864cab6e,FileshareGetQuota
4ec466f471dfbd9,FileshareGetSlotCount
5855bbd7f4e2242,FileshareGetSlotData
dca867889d3bdd9,FileshareGetTotalUsedCommunitySlotCount
89c07c2e84b7cad,FileshareIsReady
c641fbbbc5cce56,FileshareIsUIIndexBeyondThreshold
ee157d17a1ba0b3,FileshareProcessUIIndex
914896584a18bd1,FileshareReportView
78ce9658c04e3b4,FileshareReportVote
a96543d6a13357f,FileshareStartup
7b69bccdb3a6fde,FilterFriendsInGroup
104a34ff9cc8614,ForceHUDRefresh
6a489878620f3bc,ForceNotifyModelSubscriptions
68754f298e6510,ForceUploadCounters
ddde6c46cc7f32f,FormatNumberWithCommas
6ef15b09ab807c9,FreeTheaterMemoryIfAllocated
d4c591d307905c3,FriendsIsTaskInProgress
3d9539669e856ef,GadgetHasTakeTwoAttachment
15b6cd621113691,GameHost
994291bf56e485b,GameModeIsMode
17dca54f4444d11,GameModeResetModes
795a472ab3d5503,GameModeSetMode
7769f1d597ff8b6,GameTimeRemaining
fe5258ab5a4000,GamepadType
d02ee25770df5cc,GamepadsConnectedController
2951e72ef161043,GamepadsConnectedCount
6e83f6b639b90d6,GamepadsConnectedIsActive
31143eb69fa24a2,GamepadsConnectedMap
f136b032222a64,GamepadsConnectedMapAny
3c8e6db8a77e137,GamepadsConnectedPort
a490a25ce6a029b,GamepadsConnectedPortMapping
63d5339b0cd6e5f,GamepadsConnectedUnMap
2c008288f4b0319,GamepadsConnectedValidPort
631c6b802a22353,GametypeDescription
c2fbdbf5f2b306b,GetAARLevelAlias
520fcf8b54e37c7,GetAARScoreboard
4967d1fbe8d3cb5,GetAbbreviationForMode
d741554cfa4c7b7,GetActiveLocalClientsCount
38658fdf58e2a85,GetAdjustedWinPercentage
1a1ec2ff7fcb8e1,GetAllResolutions
2c64892ccdc8d5c,GetAmmoForGadget
919e166a8a00d19,GetAnticheatReputation
d72d2ad70f43966,GetArenaInfo
130b239b214e881,GetArenaPoints
3093bf8659e66c8,GetArenaSeasonStartTime
51968f9be4a326,GetAspectRatio
d0695e265d34e19,GetAssetInfo
2c2842ea636eb23,GetAssetInfoFromListIndex
aa0d00c40d1462d,GetAssetList
73a2b3ff8b441ad,GetAttachmentAllocationCost
c5bcc946703ed83,GetAttachmentAttachPoint
439b81c4d30455a,GetAttachmentCosmeticVariant
6673b441a31d881,GetAttachmentCosmeticVariantCountForAttachment
1bf831f4d7680e,GetAttachmentCosmeticVariantTable
55b3ac1dc0e0003,GetAttachmentDesc
808c08a4f50bb41,GetAttachmentDescByAttachmentIndex
1d2c36fb2085b07,GetAttachmentImage
def34906c8e4746,GetAttachmentImageByIndex
5a857a1c3b798a2,GetAttachmentImageByWeaponAndAttachIndex
b99cb645deaeb92,GetAttachmentIndexByAttachmentTableIndex
58b87258e0ebad0,GetAttachmentIndexByRef
d0520f158fe13e9,GetAttachmentName
31b335f9a01df74,GetAttachmentNameByIndex
2e29fb421ad554b,GetAttachmentRef
f04360ce55d41a,GetAttachmentRefByIndex
9ade687ebfcbe29,GetAttachmentRestrictionState
fa6d66e8f95fb6a,GetAttachmentUniqueImageByAttachmentIndex
8fd38ab8ca1fa21,GetAttachmentUniqueImageByIndex
c5ecfa43d99917f,GetAttachmentUnlockString
1f7fe9469ba7cd4,GetAvailableRefreshRates
92ddd217382f145,GetAvailableResolutions
f4289e6f478f19a,GetBGBTokensGained
5ad355317c4e0f4,GetBGBTokensRemaining
ecb8cefcf44d01d,GetBGBTokensUsed
1002b9f161700e0,GetBackgroundsForCategoryName
78a2d9137cf98ed,GetBindingButtonString
2321ace1c24455d,GetBubbleGumBuff
8e3cb087bd6ef56,GetBubbleGumPackName
4ffc2d5916b1682,GetBuildIntField
5c1cae2ffba193c,GetBuildStringField
81cd7507318eaa6,GetBusyFriendsOfAllLocalPlayers
53803ac3bb0459c,GetCACRoot
1d9a826c0a1420c,GetCalloutPlayerData
9a8e7598f7bcf6e,GetCamoUnlockString
89155ea1abd597f,GetChallengeComplete
c121bc3d6ec00a1,GetChallengeCompleteForChallengeIndex
ffe55d03187bbcb,GetChallengeForBackground
3433230dc3f939c,GetChallengeForImage
c60a47bd432cb9,GetChallengeForItemOption
d55eff64bd5fc85,GetChallengeHasBeenSeen
835aaebf4d8f37f,GetChallengeInfoByBackingId
51fe4636b55dab6,GetChallengeInfoByEmblemOrBackingId
5539283b329e2a9,GetChallengeInfoForImages
9ae8fccc10c32fa,GetChallengeUnlockEmblemInfo
a80238fd97e50b3,GetChallengeValueForChallengeIndex
ac64cdbaf21bb1,GetChallenges
84254965e74b3e4,GetCharacterCustomizationItemUnlockInfo
8bf7bce8598ddca,GetChunkStatusForMode
678175991d83fef,GetCinematicTimeRemaining
290cfcdae13c54,GetClanName
415f61b3a63785d,GetClanTag
76839a977284bb4,GetClanTagFeatureCount
92ffa94f16bd0c6,GetClanTagFeatureName
f152471a3d15a55,GetClanTagForClientNum
a74ad889c428aa8,GetClassIndexFromName
2ce1809fb455852,GetClassItem
9ffa316c87667c8,GetClassSetItem
a3c8fed501b4e0c,GetClassSetName
e3b847b83866e28,GetClientDemoFileCount
8e09b281b0be269,GetClientDemoFileInfo
761955642304848,GetClientNum
494a9ff12f399a,GetCodtvContent
74ebe5e34f5d7bd,GetCodtvRoot
c44a289bc016c02,GetCollectibleInBunkSlot
5b379e35974fd8d,GetCollectibleLayout
a23398da5f47643,GetCombatRecordBackgroundId
59707c7e4589879,GetCombatRecordChallengeBackings
29b238c7b9c78ba,GetCombatRecordScreenshotInfo
e9b7a9325a8442c,GetCombatRecordSortedItemInfo
9f83aadcba8aaaa,GetCombatRecordSummaryInfo
5dd093e52718,GetConnectionPort
de8e8b2580dac97,GetConnectionType
bd7bc359e582086,GetContracts
852f787399d3f90,GetControllerForXuid
9102524b24610d3,GetControllerType
6c8d2e794fa5c7b,GetCountLanguagesInSKU
7f8b84819ae9dd2,GetCountUsedAndSignedInLocalClients
ed706447b6f5e26,GetCounterValue
9250e466136b425,GetCountryNames
5a1049d8cee36c2,GetCurrentArenaSeason
b8fcec36f575b5d,GetCurrentArenaSeasonTimeRemaining
ef39e16c566439b,GetCurrentArenaSlot
69d03275befbc0c,GetCurrentClassSetIndex
fe17c1c1de63448,GetCurrentExe
fc38819ea2193ba,GetCurrentGameType
4897dbbb7eb601,GetCurrentGametypeName
b87231bf773995e,GetCurrentMap
84a6876c104da7d,GetCurrentMapName
2eca18536699f1b,GetCurrentMode
8e38a6c0552d210,GetCurrentModeDownloadProgress
254a9da3baf189a,GetCurrentModeDownloadString
4069de29eedd103,GetCurrentPlatform
a9423cfb94266e8,GetCurrentTeamCount
161e2e8c6b9894a,GetCurrentTokens
8fd43db47d439ae,GetCurrentUTCTimeStr
5e66c0d610fdf57,GetCurrentYearForElite
ed2c19e68ed0e2c,GetCustomClass
590da7cd01085d3,GetCustomClassCount
ddce1a8557176b9,GetCustomClassModel
e09485d248b92c0,GetCustomElementScrollSpeed
ad93f86c182478e,GetCustomGameData
48a53bf4243edfe,GetCustomGamesCount
b51e213813ba60b,GetDDLVersion
708eb21a8740a71,GetDLCNameForItem
ec4cf0ed6006b2b,GetDStat
bab68b2a205fcf5,GetDStatForMode
b2469b0f6fa665d,GetDailyChallengeInfo
ee3271e477915b1,GetDecalDesc
5e32dbcf21bcd0f,GetDecimalDelimiter
919a24f2bdfaa5b,GetDefaultClassName
3f321f1399a02e4,GetDefaultClassSlot
481bdf771c5368c,GetDisplayLevelByXUID
2d7fdf6ce15b592,GetDollyCamMarkerInformationForTime
67d2cb542911602,GetDoubleXPGroups
671d794beb45ead,GetDoubleXPTimeRemaining
ba3d5f4206fb752,GetDvarType
e30ca61b384e65d,GetEmblemBackgroundEntitlementString
6007ca97055d6dc,GetEmblemBackgroundId
8cf2898e52145cc,GetEmblemBackgroundIndexInCategory
5e1a333fac329ab,GetEmblemFilterBGCount
856fc66d601c6f9,GetEmblemFilterBGId
3e1f1375e2d97f3,GetEmblemIconIndexInCategory
1d0edf39c37d785,GetEmblemMaterialDesc
566af071bd06635,GetEmblemMaterialFilterCount
f82b3e76e65ef74,GetEmblemMaterialIDByIndex
f13e0433809ecdf,GetEmblemMaterialName
e089928fdd75019,GetEmblemMaterialRef
45edc308108ceca,GetEmblemScaleMode
c6d23ab8c44bf52,GetEmblemSummaryString
c3beb9d18e7e100,GetEmblemSwatchColor
cdac7245a6c42c0,GetEmblemUploadLimits
68c87a9feac28f6,GetEquippedBubbleGumPack
7a12d468683d8b8,GetEquippedCybercore
353f5be07c3eb,GetEquippedGender
20858570052e95c,GetEquippedHead
1dc6357002dc122,GetEquippedHero
693626824ce62f2,GetEquippedHeroForCACType
3813a27586b0e7a,GetEquippedHeroInfo
823ed148924d7bd,GetEquippedInfoForHero
fc5b81a922d692,GetErrorString
bb208cb2eb85904,GetFFOTDVersion
dc4b2b62d5168f4,GetFactionColor
989d66e2bcd8463,GetFactionForClient
8298f5742f57615,GetFactionForTeam
7c4f126297b2ed7,GetFeaturedCard
863578959d87774,GetFeaturedCardsData
d1e740b609a3372,GetFileshareFileCategory
88709ee438d01b1,GetFileshareNextSlot
93613e1c9784401,GetFilesharePaintjobSummaryFileIndex
9e49617b35bc1cc,GetFileshareWeaponIndex
dfd2d5464697911,GetFileshareWeaponVariantData
c8db7a1370776be,GetFirstSelectedHeroLoadout
cc50c1a9deea22f,GetFriendPartry
f14b7d0a8cb7818,GetFriends
e1e8fed08b06df7,GetFriendsCount
d7e6cec6cf9ba69,GetFullGamertagForScoreboardIndex
375b016ea6bc690,GetFullPlayerName
e55318a05bee220,GetGDTCampaignMapInfo
f21a889cc4b74f9,GetGDTMapsTable
9a35be2f1578556,GetGPUCount
4e8b0125a47f429,GetGamemodesZombie
a457dfcef7a7c9d,GetGamertagForClient
54689b3a7b3899e,GetGamertagForController
2bbb49889896dfe,GetGamertagWhoStolePrimaryController
4e2149bc9637156,GetGametypeName
dbc2ad5002b261b,GetGametypeSetting
1e32fef495242b8,GetGametypeSettings
a195d59c70219ef,GetGametypesBase
9fc71a307e12189,GetGeographicalRegion
a65266ab071c119,GetGestureBindingLocalizedString
76af615b56e40b5,GetGetRecentPlayerParty
8df2e5447f384b9,GetGlobalModel
6f742bc5da0054e,GetGroupAdminDefaultPrivileges
ce754ef8d16b795,GetGroupAdminPrivileges
ce1e5912fefb83e,GetGroupData
5830cf3f2d55f8b,GetGroupIDList
812371c7e954107,GetGroupInviteData
4231c16eaad044c,GetGroupInvitesList
35d7c7d7e2cce6e,GetGroupJoinApprovalTypeByGroupId
ad164a23e04f3c1,GetGroupLeaderboardInfo
c5ad04fdf32924a,GetGroupList
d6149d62c37edde,GetGroupPlayerSearchCount
39043ab0540832f,GetGroupPlayerSearchList
1ea89c73c920cc2,GetGunCurrentRank
18ac0c24e21b61a,GetGunCurrentRankXP
ab379e136b8ee0c,GetGunNextRank
d800e603bfe4d80,GetGunPrevRankXP
b619cdb77ac016a,GetGunStableRank
25f4a23575d74fb,GetGunXPScale
585d15fd5979f4c,GetHardwareProfileValueAsString
947eeae452d2dc9,GetHeadList
19a1c40d899d5b7,GetHeroBundleInfo
4c5185056289c6c,GetHeroCustomizationTable
11acc52e5ba9a37,GetHeroInfo
1dc555219327478,GetHeroItemInfo
a5b5e7caba5c3ab,GetHeroList
33962807b96a65a,GetHeroLoadoutItemIndexLobbyData
4d1c96aec0c89c8,GetHeroName
539be969d48bcfe,GetHeroSelectSoundAlias
4fb4ec216befdc6,GetHeroShowcaseWeaponAttribute
e96e9818807be30,GetHeroShowcaseWeaponVariantName
5bf9deae9b81079,GetHighlightedCameraMarker
efe2f6436680cf3,GetIString
a3595c08e7acbc7,GetInGamePlayerList
18f2b7d10496b12,GetInventoryItem
dcace8f075b721b,GetInventoryItemQuantity
6009afe99e697f1,GetIsEliteLockedForItemOption
c10adb5215982f9,GetIsSuperUser
981a63c8a70462f,GetItemAllocationCost
174d9b6f1e719ed,GetItemAttachment
f12f70cab63050b,GetItemAttachmentLocked
2f222b10b26fcef,GetItemAttachmentRank
ae1a04eb1948122,GetItemAttachmentReward
d22889adcdc896d,GetItemAttachmentXP
3f6ab291a0bd165,GetItemCost
ddeddd761299c7f,GetItemCount
3e0da351ef48521,GetItemDesc
86dc0510b2e2933,GetItemGroup
cf93f3431b9acb2,GetItemGroupByIndex
35372bf7a6eda78,GetItemGroupEnumByName
8518e07c1c5bc6d,GetItemImage
91cd1fcdfbbf06c,GetItemIndex
81edaab868725c9,GetItemIndexFromReference
ca12c15ea870743,GetItemMomentumCost
6b7ac889104ded3,GetItemName
3138762ca70c773,GetItemOptionChallengeValue
b814e9633df43a7,GetItemOptionLocked
d5d69ba555e016d,GetItemRef
bf3601cc9910aa3,GetItemRestrictionState
9996a31f81ac8fb,GetItemSortKey
6a28ae1c9c05372,GetItemUnlockLevel
8c3c8d4ae310e4f,GetJoinableFriendsOfAllLocalPlayers
794b3c1ffcb4111,GetKeyBindingLocalizedString
aed0d5ddf39cbe3,GetKillstreakVariants
f9a2d658382a8de,GetLPCCompletionPercentage
55ee32baf1f12bc,GetLangAbbr
8e9485024efdb9,GetLanguage
1bbed8053b72753,GetLastSessionStat
c1e25063f05bf02,GetLayerMaterialScaleMode
a5f5ebf9cefb592,GetLeaderboardData
793ef3e269b9d8,GetLeaderboardHeaders
aefa77d655ef70e,GetLeaderboardRow
e3e5538cb62889a,GetLeaderboardToolTipText
86ae3357e0b2452,GetLeagueTeamIDForClient
65cfe6be44448b,GetLevelBestStat
1d315c7c5787b3e,GetLinkedLayerCount
bfad87ea04436cc,GetLoadoutInfoForHero
c4f666dcea2b5f9,GetLoadoutItemIndexForHero
b8891e0f105c51f,GetLoadoutSlotForItem
f3261db04d582a6,GetLoadoutSlotName
b47462f5f7d6d3c,GetLoadoutTypeForHero
5736fa46403ef55,GetLobbyMemberPartyInfo
7192908f4764ed3,GetLocalClientNum
1fce5706ff4daf8,GetLocalizedTimeStr
724c6f17e39c2ca,GetLuaCodeVersion
5f19d3070bd5fb3,GetMOTD
665a91d5dfac623,GetMOTDImageFileID
e205100c694ef74,GetMarketingMessage
9a29d556ef8b786,GetMarketplaceItems
e924b4e1c49eb03,GetMarketplaceSize
774baf4968ed526,GetMasteryChallengesList
9e3eb948db1762d,GetMatchID
855f7e17419a9bc,GetMatchRecordStats
c4069342db8d888,GetMatchScoreboardClientCount
20c5e4354a6a237,GetMatchScoreboardClientXuid
3ca52f520d7fde,GetMatchScoreboardIndexAndClientNumForTeam
3802266695b2721,GetMaxAllocation
5a714eeaf674a7f,GetMaxAmmoForItem
e0cceef5541dcd9,GetMaxArenaPoints
b686a0a723e6442,GetMaxControllerCount
24309e829f9ca2f,GetMaxFetchedGroupsCount
5d09df47fdf05c9,GetMaxGroupAdminsCount
370e918be7b2017,GetMaxLocalControllers
d8421b9975b30de,GetMaxOITQuality
4e0c77775124c4c,GetMaxSceneResolutionMultiplier
cc4317270c0ccac,GetMaxShadowQuality
30bd1104bd03bdb,GetMaxTextureQuality
2f8d2fdcaf320b8,GetMaxUserPlayerCount
9fb3587306bb92a,GetMedalInfo
5aa137994da7513,GetModeName
40e824fe270e174,GetModel
4df5cfbc1771947,GetModelForController
b14399f7b9c3383,GetModelPath
8ff1ef004dbda9b,GetModelUsage
614d394f6f9a18d,GetModelValue
4197aa638171f0b,GetMonthStringForTimestamp
19a789a53e7f2f,GetMostRecentPlayedMode
92292ae033d28d0,GetMutedStatus
d83edb9c9b5c88e,GetNatType
3da50aa68d213c6,GetNextUnlockable
8667777af028c42,GetNonUsedControllerCount
f8eccde64f061e1,GetNumAttachments
96a85784f2db5b2,GetNumBulletWeapons
1bc377b51a92b9a,GetNumFeatureUnlocks
1356bb095c49519,GetNumGadgetAttachments
55c349382f99f19,GetNumItemAttachmentsWithAttachPoint
c2e4a358ee5a8d4,GetNumLives
dadcbc194f892b7,GetNumOptics
6df857f0d5d82ae,GetNumRigs
3b05d20fbbc1325,GetNumTextLines
f24f0ca4f49dc8f,GetNumWeaponOptionsForGroup
d51660a54d20a40,GetNumberOfChallengesForUnlock
4f79f8158b11a45,GetNumberOfClassSetsOwned
c96c277dde7f170,GetNumberOfPlayersAlive
626f871bfd9cf11,GetObjectiveEntity
12267460b50f00a,GetObjectiveGamemodeFlags
4be4c15f7074029,GetObjectiveIndexFromName
cb2605c28ddb2ca,GetObjectiveInfo
be25b67ede3d9f9,GetObjectiveName
51524de484a300d,GetObjectiveOwner
c39e4c676019b6d,GetObjectivePosition
4a91602186ae14d,GetObjectiveProgress
4d9b99d8b1d5617,GetObjectiveState
4c77eaf5f088dc3,GetObjectiveTeam
f05b138d15c6072,GetObjectiveVisibleTeams
5bc6f44500dd93d,GetOnlineFriendsList
f3e092eb5006684,GetOnlinePlayerCount
800e35c6643ead1,GetOptionIDByName
3b614b003806f25,GetOptionNameByID
9c5cad13937a214,GetOtherPlayerLevelBestStat
601dccc0a9186d7,GetOtherPlayerStatsBuffer
fc34f327c7a5b03,GetPS3MTXProductIndex
ef7db5ba7dc67bc,GetPaintjobSlotInfo
442ca7a656e6be2,GetPaintshopSummaryString
142bf2bea87722e,GetParagonIconById
92db9b64b014d4e,GetParagonIconTable
801a572e417cc01,GetParagonRankDisplayLevel
c3d7994c47328e1,GetParagonXPCap
2a0f4ae8a7771e6,GetPermanentUnlockCount
43ef64e1d52e4d0,GetPingForScoreboardIndex
5f8ea8e2974bdcf,GetPingImageCount
c90df4302b30dfd,GetPingStepMS
67706e464fcb066,GetPlayerBalanceItems
3745b56c88f5316,GetPlayerCommonGamerProfile
b3b1891472db165,GetPlayerCount
9d44340294afc30,GetPlayerGroupCount
164ce6f141060e1,GetPlayerGroupCountInt
bee52df9a942db1,GetPlayerIndexByXuid
dc3b811a6,GetPlayerInfo
3d972014dbc2c9e,GetPlayerInventoryItems
96dfb13ae02a5ab,GetPlayerInventorySize
3bf355202682267,GetPlayerJoinState
cbb96bc2e287f92,GetPlayerListData
3b67a46bdfad43,GetPlayerModel
5c342d264d1bfb5,GetPlayerName
7dc6b423fddbcad,GetPlayerNameForClientNum
29ae3078991963e,GetPlayerObjectives
8d7b33196264589,GetPlayerQueueInfo
a6c26ebacd7322d,GetPlayerStats
718fc3a312cdeae,GetPlayerStatsNightmare
9d1aa5edafa0b6d,GetPollIDByName
3ab51ec7d726341,GetPollNameByID
69155563958530f,GetPollValue
a61be95c7f84dee,GetPreReqChallengeValue
869e84b826141d2,GetPredictedClientNum
d2565b42f9dbd,GetPrestigeByXUID
1c875fdc0d5417e,GetPrestigeCap
a43fbb703115ce9,GetPrestigeForScoreboardIndex
a5b9c0111291a8b,GetPrimaryController
aad01c64f44235e,GetPrimaryGroup
e432bf8357b047d,GetPrimaryGroupName
db941bfebb34a08,GetProbationTime
b72f603cac75b3a,GetProfileVarInt
6b187ac6e588468,GetProgressByFileName
1c212c183eca37,GetPurchaseDWSKUResult
5b20d02d9e09b84,GetQuickJoinPlayers
23ea5f2a67aad9b,GetQuickJoinPlayersCount
3c06c652fc8ae94,GetQuickJoinPlayersPartyInfo
9aa277f2546d395,GetRank
9261dee701276de,GetRankByXUID
e1de4a6ce92b4fd,GetRankDisplayLevel
fdd43320c56f6a6,GetRankForScoreboardIndex
9c6922557618920,GetRankIcon
8bce6459c40220,GetRankIconForClient
2c710bef325f30f,GetRankIconForScoreboardIndex
278f31e285a95f6,GetRankName
331433774e33ed8,GetRankStringForClient
f53c0efb693f362,GetRecentChallenges
36bfbc9b92c21ec,GetRecentMedals
f966b86e9d528ce,GetRecentPlayers
346a2ec8323624d,GetRecentPlayersCount
af689fa5fbdbe3a,GetRecentPlayersList
9f37c020102fab9,GetRecentUnlocks
5d1ebcdfad6f336,GetRecentlyUnlockedItems
4d47eef3088cc7c,GetRegistrationStatus
a4bf69ec692315a,GetRenderTooltip
9672e391e0bf3dd,GetRoundsPlayed
19d51f845ca3d3c,GetSavedMap
97aa1d541bb8501,GetSavedMapQueuedMap
d8134fb5e8eabe,GetSavedMapSkipto
170f4f2196f8fd0,GetScoreBoardColumnName
abb95750f5cefb6,GetScoreboardClientOrderIndex
4115aa5fa07976d,GetScoreboardColumnForClient
47bf969941b4ee0,GetScoreboardColumnForScoreboardIndex
4e9119dfef0c60a,GetScoreboardColumnHeader
9591bd06d3b1b1,GetScoreboardData
b255c69c8381094,GetScoreboardPlayerData
1fb0dce27db91f6,GetScoreboardTeamClientCount
13f9c52bdcba540,GetSecondsRemaining
8377c456e1e2b0b,GetSecondsRemainingServer
b6b1f4c83291d74,GetSelectedEmblemLayerProperties
a23fca61a3e2f2c,GetSelectedGestureForHero
2bba5c59c0adf8,GetSelectedGroupAdminsCount
77bf257701c65ad,GetSelectedGroupAdminsList
a8903ef90609215,GetSelectedGroupApplicationsCount
dca2718259594d2,GetSelectedGroupApplicationsList
873bd56549f5e67,GetSelectedGroupBannedMembersCount
b34d52d92166b10,GetSelectedGroupBannedMembersList
a6b87925a680818,GetSelectedGroupFriendsFilteredCount
d3aa1f2babc5b4d,GetSelectedGroupFriendsFilteredList
a436f362dde3b2e,GetSelectedGroupJoinApprovalType
13b8ad42fdf5311,GetSelectedGroupMemberStatus
4f60f2b1aed8e23,GetSelectedGroupMembersCount
6aa203b0b1c32e4,GetSelectedGroupMembersList
90b5194cf1ea260,GetSelectedGroupMembersParty
e14a34f1ba3a3fa,GetSelectedLayerColor
b54a6bf70f51f1,GetSelectedLayerColor1
c6574a1949335c3,GetSelectedLayerData
aa4b5b49e490a7,GetSelectedLayerIconID
663c1186d38b80f,GetSelectedLayerMaterialID
2c4a412ad770876,GetSelectedLayerMaterialIndex
6b8a3297fa0f93d,GetSelectedTauntForHero
7015ac6be5ce5f1,GetSelfGamertag
42ef68fdaa3fd8d,GetServerUTCOffset
c1f848af70ffae2,GetServerUTCTimeStr
6a9f0144d47e6ac,GetSessionModeFromLobbyMainMode
187f9d07dd24ec4,GetShadowQuality
afbf24dffca4a26,GetShotCountForItem
4dbb4cd8da2b47f,GetSizeString
f9d3dc938a17e74,GetSkuRegion
1f11735f13d0526,GetSocialCapabilities
c89b758761819f2,GetSoundPlaybackTime
5a112c6e4320e5d,GetSpectatingClanTag
fca644f52bdd3e4,GetSpectatingClientInfo
9c12fb924a3f1b5,GetSpectatingPlayerName
66bbfddc7b3997b,GetSpectatingTeamID
c26612beeab6fe0,GetStartLocsZombie
637b53cc6a00d27,GetStatByName
eb4a501fc2c596e,GetStatScoreMultiplier
7eef63db49a2cf4,GetStatusIconForClient
f21597e128b63ef,GetSteamExchangeProcessStatus
e4d00afb9b9073c,GetStoreCategories
3ce7a3c8e5be0ad,GetStoreProductsByCategory
50d07abc7d13586,GetSystemInfo
c952a85bdc1f8d9,GetSystemInfoValueAndString
63fbabd1982143e,GetTableRowCount
45610962087610b,GetTacticalMenuItems
2c6b07fd023877b,GetTeamID
5babf679e21d1c8,GetTeamIDByXUID
b85d61851df0085,GetTeamName
2b1f9c28b0bc2c6,GetTeamPositions
86ac3f5a9752bee,GetTermsOfService
fb823fdf4e2a1a3,GetTextMessageInfo
3271c231d04c153,GetTextureQuality
370acd77f77865d,GetTheaterFilmNotSelectedMessage
c0da370e059d2b7,GetTimeRemainingString
dbbebbd8453b447,GetTitleData
d27328f46570453,GetTitleFriendsOfAllLocalPlayers
67c5c7a375311a3,GetTotalGroupInvitesCount
3973ddacc25eee6,GetTotalGroupsCount
a007c3806e3c787,GetTwitchAccountInfo
1eeb48a62e238e5,GetUI3DWindowAspectRatio
48879ef860fbe34,GetUTCOffset
2eb9296583489c7,GetUnlockIndexFromGroupName
94fcbec8c1ec176,GetUnlockLocString
e2edee817fe83fa,GetUnlockString
ca0179d394e63ce,GetUnlockableInfoByIndex
2762139d71588ef,GetUnlockableInfoModelByIndex
ce5d53fb879de17,GetUnlockablesByGroupName
b5cd30fea005dda,GetUnlockablesBySlotName
148206c18f0cc5,GetUnlockedFeatureItemIndex
8e41fa3245c2821,GetUnlockedItemsForLevel
7ebd973ff8e40af,GetUnlockedParagonIconsForParagonRank
1806eb8d6fdaacf,GetUnredactTextDimensions
1f92ef5099d95f4,GetUsedAllocation
9fb56855dfacdad,GetUsedControllerCount
efc9bada5a97b38,GetUsedGroupCount
b3df0b6f944ff42,GetUsedLayerCount
f21dcfeef440634,GetUserPartyInfo
cd894cd94268788,GetUserSafeArea
26e31a9fdaa85eb,GetUserSafeAreaForController
beb2b814fa0d518,GetUserTier
c83cf5229346f20,GetVolumetricQuality
5c5bb60720f987f,GetVote
9f26ca937e531b0,GetVotingData
ad9c1791f723ff1,GetVotingMenuViewCount
dfca8c2fd92a9de,GetWeaponGroup
ccf7e6fe8b65398,GetWeaponOptionEntitlementString
b70a5b816249ffb,GetWeaponOptionGroupIndex
4cd9e2a07fcfff6,GetWeaponOptionGroupName
682437400ab91a7,GetWeaponOptionImage
42d24efde7b714,GetWeaponOptionLocked
1e9d85ae8d64709,GetWeaponOptionName
bdf1c086678e1b8,GetWeaponOptionUnlockPLevel
a3da119ae4c2,GetWeaponOptionsCount
1b57e4489900717,GetWeaponOptionsInfoModelByIndex
6d9a09e370f80e2,GetWeaponString
dd2c23bee3fc795,GetXPCap
4d0eb832239b417,GetXPScale
ec126d223691d05,GetXUID
93b19e01b1fd1c7,GetXUID64
9ef65fc274bf491,GetbdServerTimestampStr
aaedca4989d7740,GroupAdminHasPrivilege
d4d05aced1a0f3,HasCompletedCheckingRestrictions
15a043ee38ac207,HasCurrentLevelBeenBeaten
c11395d77e8f19d,HasDLCContent
195edeffb47f120,HasDLCForItem
b521cb398c92692,HasEntitlement
fc0d0486298f484,HasEntitlementByOwnership
2f62696cffd0acb,HasGroupInviteBeenSent
efc616f1c8f84f6,HasMPPrivileges
7fd98e710247ba6,HasMTX
723893028547494,HasMultiCoreTacticalRig
5998ac9ca1c678b,HasPerk
fed49522e4a5802,HasRecentItemAttachmentsUnlocked
aae5f8a9cb00207,HasSeasonPass
371a4371dfb32fe,HideMouseCursor
10f8e70090de0c8,HidePsStoreIcon
19a84d7dd6dc193,HostMigrationWaitingForPlayers
de18f94b815a481,InKillcam
cbcf315de9b8ac6,InLobby
2781bdf0adde8f,InPrivateParty
79f1db2d4af33e9,IncrementBGBTokensGained
ed88a3538d556e6,IncrementBGBTokensUsed
8da4d1fab853d6e,IncrementCounter
6e2b2377de5a745,Int64AsString
1c76c03b093af08,InvalidateCharacterItemRender
641d9c5ba580228,Is4K
2b81e369d8c7464,IsACVItemNew
302fd8560b2f06,IsAmmoBasedGadget
d7c0f824664e815,IsAmmoClipLow
8ce78f8117383c,IsAnyACVItemNew
3e63c1314e4d115,IsAnyControllerMPRestricted
38cb40acb47d83f,IsAnyEmblemBackgroundNew
542773c95220e8c,IsAnyEmblemIconNew
6186dd0e68db6e1,IsAnythingInCACNew
444fd53ef4bfa6e,IsArenaMaster
2cb8601a1eda676,IsAttachmentNew
c2f74c45cec9f1,IsAttachmentRestricted
159ca0908383d14,IsAttachmentRestrictedForAllWeapons
1c4d973bd73ec0e,IsAttachmentRestrictedForAnyWeapon
f94404f8a25006a,IsAttachmentSlotLocked
4fba324971ec61d,IsBetaBuild
34640b217137072,IsCPInProgress
293941fe17453f1,IsCampaignGame
c41bd57a85f3629,IsCampaignModeUnlocked
fbb0e786da0705f,IsCampaignModeZombies
cc53155e448662c,IsCharacterCustomizationItemLocked
43de51d2b0ea794,IsCharacterCustomizationItemNew
b66caa419f1d11a,IsChatRestricted
ff0d3101d90f838,IsChunkInstalledByFileName
1f5e6223320ca9d,IsCinematicMp4
498d0e20c7f1218,IsCinematicPlaying
fc7ab574f76d269,IsCinematicPreloading
843b346b80f560f,IsCinematicStarted
55c8ac942f3a08f,IsCinematicWebm
16ffe1d6a9f0354,IsClassSetsAvailableForCurrentGameMode
bddde652099ce8f,IsClientLoaded
cea2c19471ac327,IsClipboardEmblemGrouped
8f131ae392bf8c9,IsCodtvContentLoaded
cc293957f211af2,IsCommandBound
84ec6e8823f03a9,IsCommonFastFileLoaded
76f141db33b86fb,IsContentAvailableByPakName
22c7611c3642d,IsContentRatingAllowed
f285055a1a895a1,IsControllerBeingUsed
be19bfcd8b09694,IsControllerUsed
2aac74b8c4018ff,IsCpOwned
b283c9469c14938,IsCpStillDownloading
82373021bd410e,IsCurrentLanguageReversed
8a23a68d8238fb7,IsCurrentLanguageSkuReversed
a702a1edb884ed1,IsCurrentWeaponName
e88cef5ec4d752a,IsCurrentWeaponType
55df22e0a4260a5,IsCurrentlyCheckingContentRestrictions
2d000b0750a483b,IsCustomElementScrollLanguageOverrideActive
cc114d86775bef5,IsDOAGame
1077ce52a77f86,IsDWAmmoClipLow
15858452493db17,IsDemoShoutcaster
3cd0351da0d371,IsDemonwareFetchingDone
102989c756324e2,IsDeviceRestrictingContent
182a5747566e671,IsDoubleXPWeekend
8dc38ef6fc41527,IsEliteAvailable
2209065e88c4e6b,IsEliteButtonAvailable
d2d36c934e11ea1,IsEmblemBackgroundLocked
debccf46dae6ff7,IsEmblemBackgroundNew
f7825fff7089028,IsEmblemEmpty
30f567fa7246ae4,IsEmblemIconNew
9f70034b0e1c697,IsEntityNumberInUse
acc496438207eb,IsFFOTDFetched
c60694e2dcc43b2,IsFacebookDuplicate
f3ab74dccd4e35c,IsFacebookLinked
48bf994adfe1d81,IsFeatureBanned
dd8bea7acab0eee,IsFeaturePermaBanned
cde9219723c9e4f,IsFirstTimeComplete
3176b986956d1b3,IsFriendFromXUID
98ff418e4bf6055,IsFriendInInitialGroupInvitesList
bdb7e2d6c07cfa0,IsGadgetAvailable
8a683d02f366868,IsGadgetContextualWeaponActive
3fd8e38f1964ac2,IsGadgetCurrentWeapon
be02513ac759049,IsGadgetEnergyLow
217662e0543af21,IsGadgetFlickering
80138dc1f334abc,IsGadgetReady
66e866c1db6239b,IsGameTypeValid
b99615da5fdb57e,IsGametypeSettingDefault
c1ddee8042f1622,IsGestureNew
cd38334057b370f,IsGroupEmblemEmpty
3008ef76b7f7a40,IsGuestByXuid
8db3397e14cdce1,IsHiDef
7b48c1abff0f764,IsInGame
331c580f6e1415b,IsInRange
8887ea88107c4d5,IsInputLocked
c3441d67206942,IsInventoryBusy
758ebfcb1826dad,IsItemAttachmentLocked
787f0cb113f01ae,IsItemAttachmentRecentlyUnlocked
23577a128ed85f3,IsItemIndexRestricted
191c1637a229078,IsItemLocked
50aaa2c3e97b8c2,IsItemLockedForAll
518b62b324e9f40,IsItemNew
76cd1a70c74baa5,IsItemOptionLocked
3d0e017b2c4c7e3,IsItemPassive
6fc982e0fbfc242,IsItemPermanentlyUnlocked
42959417af5466b,IsItemPurchased
5a66faf3bbcac63,IsLPCBusy
f7e0dae2fbef541,IsLanguageReversed
824bb47c395df15,IsLanguageSupportedInSKU
3b7549ac0d5dddf,IsLevelPreloaded
8454284669b5544,IsLivestreamEnabled
d9f199fb1c745f,IsLoadoutSlotNew
8c5b50f918e007,IsMTXAvailable
45ddea697e1cc38,IsMainThread
3e5b188bde5b13b,IsMainThreadOrProxy
c3c68a8ba45a52d,IsMapValid
8ead4769e8de3f9,IsMedalUnlocked
7e250981d5f4c28,IsMenuLevel
6f48406a3601c39,IsMigrating
879c9464c18718,IsMouseInsideElement
f8dbceb273dcdf2,IsMpInitialStillDownloading
383317c2b7b1909,IsMpOwned
db9d4e739d58c8e,IsMpStillDownloading
32abafdca93fdf9,IsMultiplayerGame
9b12cfedb68ffba,IsOfferPurchased
85e9346323a0ae8,IsOnboarding
689e378b0101dce,IsOptic
879e3a35dc01d26,IsOpticByAttachmentIndex
c5c17f48a7e9cb1,IsOverheatWeapon
71cf1b40c7474e2,IsPlayGoEnabled
f4fe562e55d651e,IsPlayerDead
5511c08f5b78f65,IsPlayerEliteEnrollNotificationAgeOK
9f0d8d245d4b90e,IsPlayerEliteFounder
a94582170ab640f,IsPlayerEliteRegistered
66a6a66b96aa6eb,IsPlayerEliteRegistrationAgeOK
2bdf5f4b0a9ffe6,IsPlayerEnergyLow
42cea084037ce0c,IsPlayerInCurrentSession
53a079b276228d9,IsPlayerInLastStand
6d5c85a80aa76a7,IsPlayerInTitle
cb26e7bfe805cb5,IsPlayerInVehicle
40943b6ba0cc6a,IsPlayerInvitable
c78d2aa423be1c8,IsPlayerJoinable
2bdb435809187a7,IsPlayerMuteToggled
4e9a9ef7583dc81,IsPlayerQueued
195741391f0d9b,IsPlayerRemoteControlling
52fda4673ceb4a9,IsPlayerUnderage
d8ef712b5613982,IsPlayerWeaponViewOnlyLinked
a6b4e61ce019b5c,IsPlusAuthorized
75f2f5bd25dd38f,IsPowerBarGadget
59f0d31389bfc5,IsPowerBasedGadget
91e59dbc20de000,IsPresentInFileshare
9843d93e05893b3,IsPresetClassDefault
f4c083690fa07db,IsPrestigeTokenSpent
3eafbd2965224b6,IsPrestigeTokenSpentByType
fd1bfb74937705b,IsPrimaryLocalClient
a54f977d5450841,IsProfileLoggedOnAndOnline
ab2090771654df5,IsProfileSignedIn
4b0eae5bd061a4d,IsRecentGameBookmarked
387fffa87018579,IsRig
95d8a0296e9e574,IsRunningUILevel
c385035f2bfc9bc,IsScrSystemActive
f32e17fca059c08,IsScreenshotReady
1fccacfd2127ce1,IsServerRunning
d897effd07bba59,IsSharedLoadoutAvailableForClient
10ec0f87e8f63a,IsShoutcaster
c3aa9424b651a7e,IsSignedIn
d7913d0f914de47,IsSignedInToDemonware
d37197a182d17e1,IsSignedInToLive
b9f55dab26b92a0,IsSignedIntoPSN
cf553d8e4e5fbbe,IsSpecialistTransmissionLocked
98d0fce83b5e9e8,IsSpectatingActiveClient
bc62b0e988dccaf,IsSplitscreen
b42f7d247f67447,IsStableStatsBufferInitialized
fe7a3b36fa3dca5,IsStarterPack
3f3a2df4c779a8f,IsSteamWorkshopEnabled
caa438c144351d2,IsSubUser
bc1306ac026cda7,IsSuperUser
a35805011b095ad,IsTakeTwoGadgetAttachment
bac4da311841a83,IsTauntNew
22c6737a7ad7616,IsTwitchAccountChecked
66db9a6423b55f1,IsTwitchAccountRegistered
98d0b78403d174,IsTwitterAccountChecked
acb3be5e05de77f,IsTwitterAccountRegistered
e57fcff3f3fb7ae,IsUnlimitedAmmoWeapon
6896f12718307e2,IsUpdatingLeaderboard
f3a4ebd7b3aa744,IsUserActive
af7f12b6119756d,IsUserChatRestricted
fb58b033c6c9fba,IsUserContentRestricted
e91b1452cb6fbe6,IsUserGuest
8a8bdd8d4901f85,IsUsingCursor
a5170f5b23daf52,IsUsingMods
54d3813864d01ea,IsUsingUsermap
dd333420c49e6d0,IsVisibilityBitSet
61854a04b535e52,IsWaitingForDatabase
dd29ffdc67be553,IsWeaponOptionGroupNew
7366abfe970f201,IsWeaponOptionLockedEntitlement
2bb5b498caa19de,IsWeaponOptionNew
68981188bc3b5d9,IsWeaponType
7462430bb13fb47,IsWeaponUsedOnVehicle
fc17c63486211d2,IsYouTubeAccountChecked
bdac2a43ee080cd,IsYouTubeAccountRegistered
aa26f9caf97a92a,IsZmInitialStillDownloading
d80319c7f130021,IsZmOwned
96a6c91f50c01e6,IsZmStillDownloading
8ef5befa0ae50fe,IsZombiesGame
3daedb46d340543,ItemIndexHasIncentive
6250ddc418d8abd,ItemIndexIsBlackMarket
4f26cfe792ad57c,ItemIndexValid
5bb9b9931000bd0,JoinGroup
8266fc418292733,JoinPlayerSessionByXuid
dfd7efa83dd8c75,KeyBinding
50ee73633b593d0,KickGroupMember
b980260abd9dfc,LUICoordsFromUI3DCoords
bfcb46ae6026e3,LastInput_Gamepad
6c1f6dee7af457b,LastInput_Mouse
e2589f7952bb2da,LastInput_Vita
f005666f9f09921,LeaderboardPopulateCustomList
c9ecfc570697523,LeaveGroup
4ed0477e4facdcf,LeaveQueue
70c96ec38a34e49,LiveConnectDisableDemonwareConnect
1f31752a6251831,LiveConnectDisconnectFromDemonware
4b71a3da353acf0,LiveConnectEnableDemonwareConnect
9f4c8f14022d458,LiveIsControllerSignedIn
d46a48017a058f2,LiveMetPlayerUpdateMetPlayerList
4f5d228a52e2378,LiveStorageSetAllStatsNotFetched
3a2b001947ed83b,LivestreamDisableAsync
b32e3817d5d8498,LivestreamEnable
7084768c3cf57a1,LivestreamStartCapture
f421cab1118db51,LivestreamStopCaptureAsync
bce606e57ef410b,LoadCodtvDWContent
cebde8484f9b1cf,LoadFileshareCustomGame
c92e3e8802494f8,LoadLeaderboard
777e4373b817cd6,LoadSaveGame
5e6ed4c2ee3d514,LobbyClient_GetProbationTime
d5c7f1edac193ba,LobbyClient_IsInProbation
8a40e4c4e656286,LobbyHost_AnyClientInProbationForGameMode
ed84c33ec5f01ea,Localize
e12e482be992f13,LocalizeRefExists
384b563f1330474,LocalizeWithoutLocsMarkers
10bf7d7c03eece6,LockInput
c7907eae651aee4,MakeStableStatsBufferForController
4b473237aeb093,MarkAsLocalize
568695c86aedc6c,MasteryChallenges
bd4558d421599d6,MediaManagerGetQuota
d6fc0e893af7a5c,Mods_InstallProgressUGC
ca6206cad91dbbe,Mods_InstalledUGC
44c7531cfbb06ee,Mods_IsSubscribedItem
1b61788c4975d0b,Mods_Lists_GetInfoEntries
2e27fadb9db73da,Mods_Lists_GetInfoEntriesCount
5b94343ebcf669f,Mods_Lists_IsInstalled
41b502b6336c9b2,Mods_Lists_Update
c9bc88e155a642f,Mods_Lists_UpdateMods
9cf5b7e2d41ebb6,Mods_Lists_UpdateUsermaps
fabd3a1f2eda794,Mods_Load_Updating
fcaee1d23a75319,Mods_SetMod
6b4d9c0a6b53d1c,Mods_SubscribeUGC
b640f33e749f8c2,MutePlayerByXuid
5a5a5714142eac5,NotifyPsPlus
33a0182c8e1848a,NotifyPsPlusAsyncMultiplay
7a01bc612811efe,ObjectiveGetTeamUsingCount
3e1bd98d6f60cc3,ObjectiveIsAnyOtherTeamUsing
1de3ffb9566d7e7,ObjectiveIsPlayerUsing
532e31f2015143b,ObjectiveIsTeamUsing
c11c46262d07e5e,ObjectivesGetPlayerUsing
b471a63870df864,OnGetAnticheatReputation
86a3399c938ffde,OnIsFeatureBanned
a64c4a2863f4c59,OnIsPermaBanned
bfec5d8ca7c5591,OnPopAnticheatMessage
c2a7f30710710d5,OnPushAnticheatMessageToUI
3b960bc1d7cc855,OnlineSetInternalEvent
480832457bf076f,OpenAnticheatPolicyInBrowser
ff8f3a170a03094,OpenRegistrationBrowser
b2f3bd056c8a15a,OpenURL
948d573cf7f16ec,OptInToEmailMarketing
3c915544eccd34b,OwnSeasonPass
9b66c4549b1a85f,Pause3DCinematic
ae1b38edb74d569,PermanentlyUnlockItem
e97d535a8dd0da4,PlatformSupportsAutoFill
39e704619feb20f,PlayMenuMusic
2f15385a5b66462,PlayRumble
c4146ba76d0f982,PlaySound
559b6732269ecc3,PlayerHasAnyWeapons
6bb689f9236d376,PlayerRequestedAutoFill
62622ec8d03a796,PopAnticheatMessage
383103e43d12dde,PrefetchByFileName
e307e8e0ddc19e8,PreserveThumbnails
458fe92feb39d4e,PrintError
8c5711daacc99f4,PrintInfo
5df86cf48135674,PrintWarning
12aa42031fa6d11,PrivilegeForceCheck
3e5d8615fb145b8,PrivilegeGet
5878414ad2508bc,PrivilegeIsCheckInProgress
70aff635d32309d,PrivilegeIsChecked
3c39fb6cb169623,PrivilegeIsInDisplayInfoCache
78d7689353f03d4,ProbationCheckForDashboardWarning
8507161483f8c1c,ProbationCheckForProbation
d2af0dad3bceed5,ProbationCheckForQuitWarning
cfa3c3b78011d5a,ProbationCheckIfPenalizedForQuit
ce6dd65db80643a,ProbationCheckInProbation
afccfd0eb05ece4,ProcessingAutoFill
3b799dc771e1bc2,ProfileBool
b75b48400b76aa4,ProfileFloat
d4d7317f380395f,ProfileInt
c014fad25e7f7ff,ProfileString
8c7ade01b406f5e,ProfileValueAsString
1017abf6f7e9d77,PromoteGroupAdminToOwner
8dcd086a9105,PromoteSelectedGroupMemberToAdmin
6ee99d6e548d42e,PublishClip
14480f6c9427ed1,PublishCustomGame
a33725d98750d5e,PublishEmblem
d1c60fff641e8c2,PublishFileToGroupsShowcase
d8deb6685a13e87,PublishPaintjob
8bbe76955fd7593,PublishPaintjobToSteamWorkshop
64e73c83070fe5c,PublishScreenshot
b7cfae72f8b60e9,PublishVariant
51bd7242d6cfa38,PurchaseDWSKU
4966beabd9aac3c,PurchaseDWSKUMultiple
431f0c8aeeaeb79,PurchaseItem
8b78a0fd5498689,PurchaseMTX
4c1d75e5b7ec05d,PurchaseProductByID
a113ae1354c94d0,PurchaseWeaponContract
cd0619bd5508280,PushAnticheatMessageToUI
166dd3d72207e35,ReadMessages
2d6d878be391f63,ReadOtherPlayerStats
d9f617d3018b64a,RebootGame
af65c432519f8c3,RecordComScoreEvent
c91749eb7358b44,RecordContentAvailable
9c1841e24cc6306,RecordDailyChallengeAbandoned
dcce2ff8e116f83,RecordDailyChallengeCompleted
beb4a2d01c56355,RecordOffensiveEmblem
e81daff3bed2f2e,RegisterClientUIModelField
5e8d256931fe54,RejectGroupInvite
94b6c59922017c,RejectSelectedGroupApplication
c83f85cc0917c96,RemoveFileFromGroupsShowcase
6484c28135868ce,RemoveItemFromInventory
93779cc57f3066,RemoveKeyCatcherSubscriber
61ebd2f8a94e649,RemoveLobbyClientExtracam
9eb5f8415619e7a,ReportItemUsageTime
bc8a7d71a8bce8,ReportMarketingMessageViewed
7a9d380944a85a8,ReportUser
205a46a166bdf5,RequestLeaderboardData
7c70b5915dba436,RequestMultiLeaderboardData
c0cbcdc9a10d7ea,ResetCampaign
c9b8560df514f1d,ResetDvar
b418b3a08848737,ResetGametypeSettings
31862d5c316e640,ResetHardwareProfileSettings
16da90333a670fc,ResetThumbnail
170c56156e153d3,RestoreSavedWorldObject
95c0f5ce13d8f64,RollbackArenaPregameMatchHistory
bd0f388600a1cda,SaveGame
8380915e32ef0b5,SaveHardwareProfile
a771c546aa78f69,SearchGroups
d2f8b5518aedc49,SearchPlayerByGamertag
4d6c65b1e9d065f,SecondsAsTime
146597a2670266c,SelectGesture
97cf6bccd065eab,SelectTaunt
ade30257dda4d49,SelectWeapon
a5eee9e738bb232,SendApplicationToSelectedGroup
eabd8f679e45575,SendClientScriptEntityNotify
6aba4d7f0840a1e,SendClientScriptNotify
5765da75ae306a7,SendDLCMenusViewedRecordEvent
c6822f6c9d6c58e,SendDSPPromotionRecordEvent
9fbd20ceeb8ea20,SendGroupBatchInvites
a57c420c0257847,SendGroupInvite
dc0aca64436edc1,SendInviteByXuid
c554a8c36ef7eff,SendMenuResponse
15c293f3d2a6c52,SendRecordEvent
68a0bf586c1506d,SendSPReminderRecordEvent
c4fd30c25879a0f,SendVotingRecordEvent
1beacdd6defbd95,SerializedAdrToLua
c68fc14365bb66b,SessionModeIsMode
d4ab56bd02e8d41,SessionModeResetModes
60350f44a35f3e7,SessionModeSetOffline
3e29237f256ec01,SessionModeSetOnlineGame
fe304069e5cc98b,SessionModeSetPrivate
9433b1e51997155,SessionModeSetSystemLink
5cececfdbf98479,SessionModeSetTheater
e89628e21b49660,SessionMode_IsOnlineGame
8bf601abd141df9,SessionMode_IsPublicOnlineGame
a894a2525cabfee,SessionMode_IsSystemlinkGame
82c973a2f0ed511,SetACVItemOld
73cdb31ae3e613e,SetAccountLinkViewed
70b0a2ef2a81722,SetActiveMenu
bffa2858e10c77a,SetArenaPregameMatchHistory
69f60781b9a1c77,SetAttachmentAsOld
54a2bae6921dd15,SetAttachmentRestrictionState
7db98f5c8250396,SetBGBTokensGained
533f87f8ff5de81,SetBGBTokensUsed
e0d984a534d93c9,SetBubbleGumBuff
e03cf6cfa9ca162,SetBubbleGumPackName
d58f374bf73ce31,SetBunkCollectible
490a5a4a35ea0d1,SetChallengeHasBeenSeen
57da6dceb872aed,SetCharacterCustomizationItemAsOld
dc8e7f5a60958d6,SetClassItem
d0069f6bf65b974,SetClassSetItem
152ff0e47b43618,SetClassSetName
24e359c3015685f,SetCombatRecordBackgroundId
8cd815f4c1e6fa6,SetCombatRecordScreenshotInfo
9f6851976c40cd8,SetCurrentClassSetIndex
db3db34b5b1a599,SetCurrentlyOpenedGroup
f68bee6ffd437a4,SetCustomElementScrollSpeed
cc4fc0e07dac69f,SetDebugTimerInfo
b177d654ffb67be,SetDvar
2ea8bb5a63c5dbe,SetEmblemBackgroundAsOld
9d5f2a119bc43bd,SetEmblemIconAsOld
d688470dcba1dfd,SetEmblemIconOld
4f3b716ae08797e,SetExtraCamRenderPriority
2a8104eb89a644a,SetFirstSelectedHeroLoadout
11127fab55e5f1d,SetFirstTimeComplete
18e08a27dfc9b2c,SetForceMouseRootFull
631ab43ba10119,SetGametype
8f8f27dcb1e337f,SetGametypeSetting
b6596e4282630da,SetGender
1dc40e787f1b,SetGestureAsOld
c3b86ff01906264,SetGroupEmblem
a94ced7bd6f7343,SetGroupEmblemForGroupCreation
64054fc45d8d44d,SetGroupLeaderboard
3ea61773b49705d,SetGroupLeaderboardInfo
e24299c6de3a17d,SetHardwareProfileValue
4767a83fcb61ef9,SetHead
4437f83fc8acddf,SetHero
5bd54cabf917cbf,SetHeroForCACType
50523bf79301578,SetHeroItem
78d38c73c21b122,SetHeroLoadoutItem
9e5876aa33dd2f2,SetHeroLoadoutItemForCACType
fcce0c9c2a40c9a,SetHeroShowcaseWeaponAttribute
e76c57faf9fdbac,SetHeroShowcaseWeaponVariantName
10a06d1853522f9,SetItemAsOld
908076febb2207,SetItemRestrictionState
ea23caa4b132c55,SetLanguage
20e69e0f0bb745e,SetLuiKeyCatcher
83c9b5de1d9371,SetModelValue
742e946a0b9d7fb,SetMostRecentPlayedMode
7f4312c70b4d5e4,SetMouseCursor
60e9a9d9cc25a5d,SetObjectiveClipToMap
7b2fe91a86c6cda,SetObjectiveColorMaterialInCode
ed6169ddfabf71b,SetObjectiveIcon
e6ce7a287806ea4,SetObjectiveIconPulse
21412b8f299cbeb,SetObjectiveIgnoreEntity
8cb82f5f8d70506,SetObjectiveRotateWithEntity
1bfcff542ff1372,SetObjectiveStencilToPartialMap
68dce614f644b1a,SetPrimaryGroup
4c9f22a11163d61,SetPrimaryGroupName
280e4c1191cc53d,SetProfileVar
5f39e9eaf727217,SetSceneFilterConstant
de9080e08962265,SetSelectedGroup
7f04116c6ce3269,SetSelectedGroupDescription
5266ef6e1c5cad2,SetSelectedGroupJoinApprovalType
b07afa1c4de48e4,SetSelectedGroupMessage
76c371e73784dc6,SetSelectedGroupName
42fc34e7bf5ff6d,SetSelectedGroupType
c275e2c8867fb28,SetShadowQuality
f93f50f52dd01bf,SetStoreCategoryFetchParamaeters
49b9da7e2b5388a,SetTauntAsOld
3204c511801209f,SetTextureQuality
cc3b8a1767affab,SetUI3DWindows
9b8c02e7f47bde3,SetUIActive
41bb55a1633c931,SetViewport
3635dbfb0fe9d14,SetVolumetricQuality
ab3a1f206737bd7,SetWeaponOptionAsOld
41768585291e9ba,SetupCompassColors
243219d8d595530,SetupEmblemData
31fe7a26a55bd96,SetupEmblemEditBuffer
64660e478d906fb,SetupFieldOpsKitLoadouts
409d617072d7e70,SetupFilesharePaintjobData
af3c2d1a783917d,SetupPaintjobData
e5f9698b0ca4add,SetupTransferData
f0af2c4a29d15d7,SetupUI3DWindow
9b18ed8a7a2a0b8,ShouldPresentRegistration
83de1ae5f396cbb,ShouldShowMOTD
b1a0ba2ed267a8a,ShouldShowSPReminder
a0b4bd092ace4e0,ShouldShowVoting
e6977a0b426f36a,ShouldSwapCircleAndCross
4decc2b7654eab1,ShowAccountPicker
793fb272c3b5ec2,ShowGamerCard
4d137e17393d2f7,ShowGamerCardForXUID
ac7ec50d8db97ed,ShowMouseCursor
61c5ba65201d963,ShowProductDetailsByID
26c857a2094573b,ShowPsStoreIcon
4e377a13b4a7a75,ShowRedeemCode
8fd950378e2be3e,SignIntoPlatformLiveSystem
5e305b6ca50b462,SkipMTXItem
5f56fdeecc040a0,SnapshotDeltaTime
1942eeb6839d7e,SortFriends
8bc6ab311a99d87,SortItemsForCombatRecord
4bce48d35431a30,SortRecentPlayers
d0149a862599ffd,SplitscreenNum
132778f7c66f4e5,Start3DCinematic
828c13077688b82,StartLoadingCinematic
98faf05e7dbe274,StartServer
27a94128b800681,SteamIsFamilySharing
d3d377f5f344d2c,SteamStore
e3d8077cc1cd41b,SteamVacBanned
f2281ea762a7527,Stop3DCinematic
624185ed5fb5050,StopEditingPresetClass
c738a7a46edbb34,StopSound
f5c470bdc859688,StorageCreateScratch
8bf970606552f4c,StorageGetBuffer
ec4d57ce11656e2,StorageGetScratchBuffer
351c2a2f9b235fb,StorageIsFileReady
7368a6035ce9089,StorageReset
28a466ef7723621,StorageWrite
bb4d9766b6d0c88,StreamSetCustomClass
66950c71e66fbbc,StreamTouchWeaponTextures
56bf5c07336c99a,StringIntegerAddition
3f05b542396bd0d,StringIntegerDivision
c62766d23fa6e08,StringIntegerMultiplication
25ffb491c1e6568,StringIntegerSubtraction
9073fbe2d48c156,StringToXUIDDecimal
7ecefbf8ef24f77,StructTableLookupNumber
1c6d5c5915588e3,StructTableLookupString
a517ed98860212f,StructTableRowCount
318b8d3fd2e0240,StructuredTableHasColumn
34cbd8c0290afbc,SubmitPollVote
60ca86e76bbabc0,SwitchCampaignMode
a47e6b48ab89f8e,SwitchMode
dd0d3545c08ef78,SwitchToInventoryWeapon
8257260a97ace1f,SyncHardwareProfileWithDvars
8771364ffb0d368,SystemNeedsUpdate
a8c1f717fb401fd,SystemTime
cdddcb47f4721ab,SystemTimeUInt64
910cbccd3c164c9,TableFindRows
a960dedaf8e47dd,TableGetColumnValueForRow
2dcf0973239e909,TableLookup
38803c07345cadd,TableLookupColumnNumForValue
5a4d00dabc5f44b,TableLookupGetColumnValueForRow
a23d9ef19afc32c,Team
b03220d3a4f3e38,ToUpper
58b0570c3d5c75a,ToggleGroupAdminPrivilege
b55e6e9afb2e809,TogglePlayerMute
65a7b949d780409,Twitch_Get
37caf94ff8070f5,Twitch_Set
3c18d8c09f72b8e,TwitterPost
f1a4248809e8a05,UCDLoginAttempt
3922fb7502732d9,UCDSupportsAutoFill
c31d1f1e7e2d190,UnBanGroupMember
78194119d56c6d,UnfavoriteFileFromGroupsShowcase
ead444a11c76bf7,UnfeatureFileFromGroupsShowcase
78edb82b82a2c01,UnpackRgba
8c7a8c4c5fd9892,UnsubscribeAndFreeModel
32b3bea062d768d,UpdateCalloutPlayerData
eac69d1522bb169,UpdateColorSet
a04b8469660173a,UpdateFeaturedCardsCRMMessage
88bf7ed870a274d,UpdateFriends
be2801a433561f,UpdateKillcamUIModels
d7fd1e24e2413c0,UpdateMessages
50960ec3e20e8e9,UpdateModPreviewImage
7ceb1accc08e791,UpdateSelectedGroupProfile
f76c2ad29f38701,UpdateStatsForQuit
fcb995d7ae4d31b,UpdateStatsForQuitUnbalancedTeam
f1e2b8983c36f8a,UpdateTopPlayerUIModels
f3f5400440dd28a,UploadEmblemData
bc7f6daa148cae3,UploadGameSettings
5ab7410559568eb,UploadPaintjobData
767c1d68eb84916,Url_Load_Destroy
c8fda832f971e6,Url_Load_Init
f7932dac8e95fcc,Url_Load_IsDone
edb20b341f13502,Url_Load_Jpeg
49b61bae5353555,Url_Load_MeasureDownloadBandwidth
8ab4e52810e2b4,UserTestBuildPauseEvent
feb9b0cf0135aec,UsingModsInternalName
6b66230a730566c,UsingModsUgcName
5825bb00a918a8e,UsingModsVersion
e4ee28225d6d1ec,UsingUsermapTitle
162928178b89a54,UsingUsermapUgcName
a81e13c61bfecad,WeaponGroupHasNewItem
50b4e3d02b73e4,WeaponGroupNewItemCount
a0607de16e559ac,WeaponOptionNewItemCount
7be3f940ed35f81,WeaponOptionNewModeAgnosticItemCount
fa6dc52ce211846,WebM_Clear
8cb35529cddb9bf,WebM_Close
720290bc3204e3d,WebM_CurrentFrameNum
741f2abd33e08f6,WebM_IsBuffered
a47e45173f761fd,WebM_Open
2303262ad460ec7,WebM_Play
7a5c1812b3e00c8,WebM_Time
51dc7b1eb31fad1,WebM_camera_Disable
513a4129f11088,WebM_camera_Enable
a12c3802407b53a,WebM_camera_IsAvailable
6634b81bbb22a58,WebM_camera_IsEnabled
4bcda76c4394c62,XUIDToGamertag
1862cf4ebd9ce3d,YouTube_Get
389f8f48917bd91,YouTube_Set
