b5dd0abbc6fc1e4,black
f5a3697ff489cc2,cac_restricted
aa58138e48ac8db,change_material
240d04e9c2dba4e,cinematic_mp4
ea85353ddca6682,compassping_enemysatellite_diamond
d76836ded6b251b,compassping_enemy_diamond_bottom
1ff630bfe1e1959,directional_damage_feedback
8a7aa703b79b4bd,faction_buried
ebae96dca01b167,faction_cia
e2b4422edb7998d,faction_highrise
a41b33322dd68cf,faction_prison
cc65ed5bfe1164e,faction_tomb
74947d69cd26e1c,faction_tranzit
df213bfd619ac36,faction_zombie
c6fba134e44424d,hud_objective_circle_meter
2b47bc5b163e74d,hud_objective_full_circle_meter
dca2580e4f49de3,hud_suitcase_bomb
adbf2dd5abbb98f,livestream_cam
e14f5ad70f6ece2,lock
1f04d6e9bdec22d,lui_loader
aad7c47347b6d4e,menu_livestream_hollow_circle
633796338b0f04b,menu_livestream_hollow_fill
6913c84808052d6,menu_livestream_icon_live
10022915f698e3e,menu_livestream_icon_none
c25acc342f94e06,menu_livestream_signal
101e6a9e8e6fd3b,menu_livestream_tower
997e0e86d060ef6,menu_mp_backing_frame
795f0ac14b73913,menu_mp_cac_grad_stretch
1f99841f07585bf,menu_zm_cac_grad_stretch
fc4421cdca69c94,menu_mp_cac_tact_line
aef0c4717828015,menu_mp_dots_middle_repeat
b3d83b8a333c7aa,menu_mp_dots_top_bottom_fade
63f8f746fea4ae8,menu_mp_lobby_new
74c2cfed74dac1c,menu_mp_lobby_new_small
6440978352789db,menu_mp_popup_bg
87db5bc134f8d5b,menu_mp_popup_bottom
8ec040f4c802345,menu_mp_popup_stretch
85f9042a9e87ae3,menu_mp_popup_top
ae5d500bceb81d6,menu_mp_toomany_backing
3571e9c8488da44,menu_vis_carousel_pip
4508da063fbab9c,menu_vis_carousel_pip_fill
1a466e2ebd1f46e,menu_zm_cac_backing
4072b920e7fb763,menu_zm_popup
ed4f35f7dbc5c32,menu_zm_toomany_backing
cfe2e342f398b37,ping_bar_01
cfe2f342f398cea,ping_bar_02
cfe30342f398e9d,ping_bar_03
cfe29342f3982b8,ping_bar_04
f670f98ae83de86,specialty_doublepoints_zombies
3949d64744e597f,specialty_doublepoints_zombies_blue
25fc8d9e7271923,specialty_firesale_zombies
4c9d519e28b2147,specialty_instakill_zombies
f2be6fe5616e723,sw4_2d_bitchin_glint
3be502e96333039,sw4_2d_bitchin_glint_reveal
8212d4a13d2ebcb,sw4_2d_uie_font_cached_glow
57e68c60890045,t7_hud_zm_powerup_deathmachine
ee6414e516c2d32,t7_zm_hd_specialty_zmblood
d9a8d5dbbcf2090,twitch_logo
79865ef4156e893,uie_aar_segment
5956c6c1fd41d3c,uie_aberration
d822092d3481e73,uie_aberration_blur_only
d756cd9a5f1f1b4,uie_aberration_cheap_blur
faef6b981087fce,uie_aberration_no_blur
e62aad9ac5f48dc,uie_angled_wipe_add
e3286bdef078e4d,uie_angled_wipe_multiply
adf3c20e336a1aa,uie_angled_wipe_normal
7b9e9b0200de32b,uie_blackhat_waveform
ab2973beb9d0715,uie_bow_launcher_reticle
9ad9c230b10c37,uie_clock_add
6991233503d7e94,uie_clock_multiply
d5ca1a25ed87f4f,uie_clock_normal
5e574a84fc22e5c,uie_comms_radial_distortion
386770c73fbf128,uie_digital_noise
c2f63ccbdb43168,uie_ekg
50bd503a1ec49c7,uie_elliptical_ring
c284eccbdadef0b,uie_emp
70e7eff0df35150,uie_expensive_blur
feaf4a18c11a89e,uie_feather_add
e8f55203998700a,uie_feather_blend
e125638bf94665f,uie_feather_edges
a331a254b7fbe83,uie_feather_multiply
fd526d3fd71f281,uie_flipbook
9227a50ba2b8d21,uie_flipbook_add
72987f9cd841ed7,uie_flipbook_animated
fc6f90766f5299c,uie_fractal
8698bdaf22791dd,uie_fractal_reveal_grid
a1ade231b88438c,uie_fractal_string_reveal
b935ad9cc0daa08,uie_gaussian
9aecdd78915bde3,uie_gradient
8bb363f53e5d3ef,uie_mosaic
5b7198b810fb898,uie_mosaic_scene
fd777557404a7b3,uie_nineslice_add
44484ddfaf5c093,uie_nineslice_normal
a2ecd433dbe8ca6,uie_pixel_tear
6ed9afd16382123,uie_rocket_launcher_lockon
67d1e3a3d2d1bf,uie_saturation_normal
92f09074fb20e6d,uie_scanlines
5d13cdad1938d85,uie_scanlines_add
92677f19e79d991,uie_scene_blur_pass_1
2b96ff998623b68,uie_scene_blur_pass_1_nineslice
92674f19e79d478,uie_scene_blur_pass_2
5073bbe3838c63e,uie_scene_blur_pass_2_highquality
fe725448e36d9f,uie_slice
83c485f153d0720,uie_smoke
7dfa5bcb6e83e6c,uie_t7_hud_zm_distill
5fbfe58b2bb38ac,uie_t7_hud_zm_vial_aar_256
7d4e26faf67bf95,uie_t7_icon_blackmarket_cryptokey
676b16f3861e91a,uie_t7_icon_official_customgame
d8ea9fe9b0bcf75,uie_tile_scroll
84b5d1e2b428ae3,uie_tile_scroll_animated
73d72bcd14c2aad,uie_tile_scroll_normal
c7b458fb314a1e9,uie_ui_codpoints_symbol_32x32
910274ca3518744,uie_wipe
2eeb1ecf1f211f5,uie_wipe_delta
e992bd5a540e2d,uie_wipe_delta_normal
316e67e1df2198e,uie_wipe_normal
4e6ce42e0799f57,ui_add
cc3e32e4100d3b3,ui_arrow_left
88a7fbbc5d3973c,ui_arrow_right
17b76ae37faa175,ui_blur
71b2e119c5a3811,ui_button_ps3_lstick_anim_d
71b26119c5a2a79,ui_button_ps3_lstick_anim_l
71b40119c5a56a7,ui_button_ps3_lstick_anim_r
71b3d119c5a518e,ui_button_ps3_lstick_anim_u
ef5242241c3a677,ui_button_ps3_rstick_anim_d
ef51c2241c398df,ui_button_ps3_rstick_anim_l
ef5322241c3be41,ui_button_ps3_rstick_anim_r
ef5332241c3bff4,ui_button_ps3_rstick_anim_u
1f7b196489e9cfd,ui_button_ps3_stick_animated_32_ldown
b024adc13fe9acf,ui_button_ps3_stick_animated_32_rdown
3b8e4b133adc6da,ui_button_ps3_stick_ls_32
261d51d0f3c4be0,ui_button_ps3_stick_rs_32
ec15a66d03bb6dd,ui_button_xenon_lstick_anim_d
ec15266d03ba945,ui_button_xenon_lstick_anim_l
ec16466d03bc7db,ui_button_xenon_lstick_anim_r
ec16966d03bd05a,ui_button_xenon_lstick_anim_u
c3ccdf1e9b9cd9b,ui_button_xenon_rstick_anim_d
c3cc5f1e9b9c003,ui_button_xenon_rstick_anim_l
c3cc3f1e9b9bc9d,ui_button_xenon_rstick_anim_r
c3cbcf1e9b9b0b8,ui_button_xenon_rstick_anim_u
974937855800072,ui_button_xenon_stick_ani_32_ldown
c3aca6805a1daec,ui_button_xenon_stick_ani_32_rdown
df452270f9e4c8e,ui_cursor
72d595ac206b43e,ui_host
72d595ac206b43e,ui_host
a04e5008880a3f2,ui_host_zm
e8e74374d9a6a6e,ui_line
920c51156f82cf1,ui_line_graph
655565c7b387234,ui_multiply
3c40d6180864128,ui_multiplyinverse
6b34aa3f39208ef,ui_normal
27247ef0e9ae234,ui_scrollbar_arrow_left
e9862f2700fac41,ui_scrollbar_arrow_right
93bf725ce385501,ui_skin_black
51b6889e9cf7151,ui_skin_green
8dba3b1de3f75c1,ui_skin_tan
a1675333a2bc843,ui_skin_white
ed973885856e206,white
2c74a1d535c51fe,xenon_stick_move
25e3421cf8f69c0,xenon_stick_move_look
5f22c5c9a4387f8,xenon_stick_move_turn
1b8c56a31e32794,xenon_stick_turn
4eda085dacc2854,youtube_logo
9782f473a12ba13,zom_icon_bonfire
